Area,Centroid_1,Centroid_2
7432,415.282831001076,270.525026910657
248,725.701612903226,178.806451612903
