Area,Centroid_1,Centroid_2
7538,409.779517113293,269.466171398249
297,723.094276094276,176.747474747475
