Area,Centroid_1,Centroid_2
117,345.769230769231,299.726495726496
7070,421.475954738331,271.058698727016
309,725.527508090615,178.886731391586
127,773.047244094488,98.8897637795276
