Area,Centroid_1,Centroid_2
120,345.183333333333,298.775
7146,418.98026868178,273.901483347327
182,730.082417582418,183.241758241758
125,773.568,96.984
